Model,Perplexity,BLEU,InferenceTime,MemoryUsage,S_positive,S_negative,RelativeCloseness,Rank
LLaMA 2,12,0.7,0.6,5,0.04033976116202869,0.08746871656467568,0.6843733539469262,1.0
GPT-4,10,0.75,0.7,6,0.050610310301083206,0.10403249080182071,0.6727276669839575,2.0
GPT-3.5,15,0.65,0.5,4,0.0540290669733005,0.07208289115257357,0.571578557844821,3.0
T5,20,0.6,0.4,3,0.09606361034283235,0.06885303726590963,0.4175020427850356,4.0
BART,18,0.55,0.8,7,0.11124712390125861,0.01737124832104328,0.13506039627852778,5.0
